num_conta,cod_cliente,cod_agencia,cod_colaborador,tipo_conta,data_abertura,saldo_total,saldo_disponivel,data_ultimo_lancamento
53,53,1,7,PF,2011-05-24,2984.7615,2814.67,2019-07-02
190,190,1,7,PF,2014-10-17,4262.4322,4191.860000000001,2021-03-25
191,191,1,7,PF,2013-03-23,3266.567999999999,3080.7099999999987,2016-09-09
203,203,1,7,PF,2016-08-03,21241.542400000013,19461.56000000001,2022-12-28
254,254,1,7,PF,2012-10-24,13335.696599999996,13197.539999999995,2013-12-20
306,306,1,7,PF,2012-05-23,22997.473800000003,21677.880000000005,2016-10-05
472,472,1,7,PF,2022-08-07,4178.4237,4183.68,2022-12-30
520,520,1,7,PF,2019-11-03,1809.8087000000016,1288.5100000000016,2022-12-29
739,739,1,7,PF,2014-02-26,45.769100000000265,616.7900000000002,2022-12-29
509,509,1,13,PF,2012-01-20,19159.795199999997,19863.759999999995,2016-06-09
688,688,1,13,PF,2017-12-05,61105.5635,55917.15,2022-09-24
775,775,1,13,PF,2011-03-19,39008.684,35288.34,2021-06-25
920,920,1,13,PF,2021-01-22,2023.5779999999968,2511.2999999999965,2022-12-29
954,954,1,13,PF,2012-04-15,35545.032199999994,34545.61999999999,2020-03-22
955,955,1,13,PF,2020-03-28,79502.06880000004,80952.72000000003,2022-06-04
170,170,1,14,PF,2022-12-15,926.7056000000008,335.3800000000008,2023-01-11
218,218,1,14,PF,2019-10-01,180027.69259999998,168407.87999999998,2022-09-09
555,555,1,14,PF,2012-08-24,52691.5446,54240.69,2019-04-01
741,741,1,14,PF,2012-03-03,91849.87459999991,83480.03999999992,2020-11-17
751,751,1,14,PF,2012-01-13,59.75030000000001,44.86000000000001,2022-07-17
953,953,1,14,PF,2015-06-11,1866.7326,1827.75,2022-12-29
108,108,1,23,PF,2017-04-13,1171.4528000000034,812.5600000000035,2022-12-29
110,110,1,23,PF,2020-06-19,11059.761600000003,10208.050000000005,2022-12-30
242,242,1,23,PF,2010-05-06,165102.06389999992,163409.6799999999,2019-08-09
528,528,1,23,PF,2013-08-15,7243.5916,7380.669999999998,2018-09-04
844,844,1,23,PF,2022-09-19,20803.9404,20373.14,2022-12-29
888,888,1,23,PF,2016-04-13,91067.67659999996,87609.81999999996,2021-05-22
171,171,1,24,PF,2022-03-04,68520.05990000001,66507.14,2022-12-30
291,291,1,24,PF,2012-02-26,40641.12359999999,41016.19999999999,2022-12-08
481,481,1,24,PF,2020-04-14,86.27849999999992,74.5299999999999,2022-11-20
564,564,1,24,PF,2015-05-20,20584.694199999987,19955.29999999999,2017-07-18
584,584,1,24,PF,2014-11-07,1658.1686000000025,1592.7000000000023,2019-08-27
635,635,1,24,PF,2022-09-12,1534.556500000012,1252.5500000000109,2022-12-30
116,116,1,30,PF,2014-10-17,20992.1828,20458.98,2022-08-12
153,153,1,30,PF,2014-09-12,14581.898099999991,14679.189999999991,2019-05-05
176,176,1,30,PF,2019-04-20,14244.926599999995,12934.409999999996,2020-12-19
199,199,1,30,PF,2019-01-10,92338.31459999998,94200.57999999999,2022-12-29
207,207,1,30,PF,2022-06-24,13029.244800000006,52.13000000000648,2022-12-30
275,275,1,30,PF,2020-05-02,51431.948399999994,52418.23999999999,2022-12-30
361,361,1,30,PF,2018-01-08,16828.82879999998,17483.73999999998,2022-09-28
701,701,1,30,PF,2013-02-24,53.499700000001695,37.57000000000168,2020-03-30
808,808,1,30,PF,2013-08-08,33978.82949999999,32308.149999999998,2022-04-21
910,910,1,30,PF,2011-11-03,38140.17900000001,38894.44000000001,2018-11-01
290,290,1,31,PF,2016-02-19,10809.2902,8075.479999999999,2022-12-29
451,451,1,31,PF,2011-08-25,14880.729600000004,15408.800000000008,2013-08-31
557,557,1,31,PF,2017-12-09,2841.3440000000005,2543.8200000000006,2022-12-29
617,617,1,31,PF,2016-02-17,28163.41999999999,28107.83999999999,2017-10-26
632,632,1,31,PF,2017-07-25,15022.800599999991,14852.299999999992,2022-12-29
740,740,1,31,PF,2019-11-12,788.5975999999996,697.9799999999996,2022-12-29
134,134,1,34,PF,2013-06-11,19285.300000000003,19263.65,2017-06-15
410,410,1,34,PF,2019-04-22,2612.7907000000005,2608.2900000000004,2022-12-30
429,429,1,34,PF,2015-05-28,7184.023199999996,5418.259999999997,2022-12-30
496,496,1,34,PF,2020-02-27,18.424999999999844,78.94999999999986,2022-12-30
631,631,1,34,PF,2010-12-10,21223.449599999996,22164.989999999994,2014-05-25
878,878,1,34,PF,2012-05-16,32869.20199999998,34449.169999999984,2021-05-13
6,6,1,42,PF,2010-03-09,14236.26639999999,13407.47999999999,2016-10-02
620,620,1,42,PF,2010-06-21,29814.946500000005,28876.550000000003,2014-01-29
714,714,1,42,PF,2015-06-18,48216.74,43787.35999999999,2020-07-12
877,877,1,42,PF,2013-02-11,125716.2786,126887.95,2019-05-21
286,286,1,58,PF,2021-07-12,3985.904599999996,2427.579999999996,2022-12-29
559,559,1,58,PF,2011-02-05,31372.237,29533.51,2022-12-30
911,911,1,58,PF,2011-09-22,3545.6639999999943,3563.1999999999944,2022-12-29
40,40,1,62,PF,2015-04-14,461.3510000000004,164.3100000000003,2022-12-29
90,90,1,62,PF,2014-05-15,109727.88199999995,99717.26999999996,2015-12-25
93,93,1,62,PF,2021-10-27,354.4128000000052,270.1800000000054,2022-12-29
147,147,1,62,PF,2014-08-14,42405.94920000002,41516.750000000015,2015-11-13
486,486,1,62,PF,2015-04-23,197.3625000000003,155.7200000000003,2022-12-29
501,501,1,62,PF,2018-06-20,232815.7920000001,211636.0400000001,2022-12-30
670,670,1,62,PF,2022-10-25,42711.761900000005,41331.12,2022-12-30
735,735,1,62,PF,2012-12-03,72474.23160000001,67091.37000000001,2021-04-25
805,805,1,62,PF,2011-05-08,4438.540799999998,4510.779999999998,2022-12-30
19,19,1,67,PF,2019-10-05,2615.3160000000025,2364.850000000002,2022-12-29
106,106,1,67,PF,2010-08-14,68269.50800000003,71851.76000000001,2020-09-28
146,146,1,67,PF,2010-06-27,10975.191099999996,11304.699999999995,2014-03-23
154,154,1,67,PF,2013-10-14,81928.2464,78745.64,2018-05-10
198,198,1,67,PF,2016-09-09,7893.017599999994,7802.339999999994,2022-12-29
200,200,1,67,PF,2015-05-17,3503.0599999999927,2941.4999999999927,2022-12-26
260,260,1,67,PF,2013-10-22,23435.394300000007,22294.71000000001,2022-06-06
347,347,1,67,PF,2011-02-03,83141.23550000001,87482.30000000002,2015-05-01
357,357,1,67,PF,2021-07-12,71.38890000000038,21.400000000000382,2022-12-30
497,497,1,67,PF,2021-10-25,44788.254,45546.6,2022-12-29
598,598,1,67,PF,2015-02-09,6940.731599999996,6722.359999999997,2022-12-30
715,715,1,67,PF,2018-12-20,27057.146300000026,23267.770000000022,2022-12-30
925,925,1,67,PF,2014-07-10,7854.303599999998,7813.65,2022-12-29
68,68,1,72,PF,2019-08-11,66.69119999999536,54.71999999999517,2022-12-29
195,195,1,72,PF,2011-03-08,28846.584000000003,27711.570000000003,2015-04-03
280,280,1,72,PF,2017-04-20,14666.520399999994,13614.039999999994,2022-09-20
284,284,1,72,PF,2020-02-18,42994.116,43554.02999999999,2022-12-29
604,604,1,72,PF,2022-03-20,66821.99049999999,68837.84999999999,2022-12-29
697,697,1,72,PF,2013-01-24,1323.3989999999512,1185.809999999952,2016-09-14
831,831,1,72,PF,2016-01-22,32572.57580000001,31390.160000000003,2022-12-29
141,141,1,77,PF,2012-05-10,8239.799700000001,8311.67,2015-02-25
208,208,1,77,PF,2013-05-12,99593.4702,101572.38,2016-07-29
382,382,1,77,PF,2010-02-02,6992.420000000003,6935.260000000002,2017-02-22
431,431,1,77,PF,2013-11-20,31323.332700000014,31597.66000000001,2019-04-02
574,574,1,77,PF,2014-03-05,11612.546000000002,10535.63,2022-07-03
684,684,1,77,PF,2020-03-14,14568.495099999996,14689.169999999996,2022-12-30
717,717,1,77,PF,2015-02-21,30082.003200000003,29273.680000000004,2020-02-21
892,892,1,77,PF,2015-08-05,8397.359999999995,7660.1199999999935,2019-05-25
145,145,1,79,PF,2011-03-03,69766.7927,65137.83000000001,2020-10-03
152,152,1,79,PF,2017-07-01,68.44200000000157,16.22000000000142,2022-12-29
258,258,1,79,PF,2011-08-21,14823.2112,14252.92,2022-05-06
293,293,1,79,PF,2018-10-14,34326.80460000002,33578.19000000002,2022-10-29
473,473,1,79,PF,2016-01-02,50851.23390000001,49224.08,2020-10-04
567,567,1,79,PF,2011-05-16,31479.6024,29103.95,2015-09-15
758,758,1,79,PF,2014-12-25,62228.87,56551.49,2019-09-19
875,875,1,79,PF,2015-01-18,33365.150700000006,30866.630000000005,2022-12-29
989,989,1,79,PF,2021-11-25,754.6140000000004,577.4000000000003,2022-12-29
119,119,1,83,PF,2020-01-14,27043.2783,26165.99,2022-10-26
186,186,1,83,PF,2022-02-21,164.7085999999998,134.1999999999998,2022-12-30
231,231,1,83,PF,2012-06-25,52988.99720000004,49969.30000000004,2017-02-09
232,232,1,83,PF,2013-11-27,117243.3034,110336.89,2020-07-24
243,243,1,83,PF,2017-04-01,15640.929999999998,16447.329999999998,2022-10-24
331,331,1,83,PF,2012-09-22,15569.4227,15030.97,2022-12-29
602,602,1,83,PF,2018-10-24,10115.968099999996,9667.709999999997,2021-02-19
671,671,1,83,PF,2021-08-09,8075.951999999995,7551.609999999993,2022-12-30
804,804,1,83,PF,2011-12-06,58103.96340000001,56919.71000000001,2016-11-04
927,927,1,83,PF,2011-08-15,34239.264800000026,33034.49000000003,2013-02-06
938,938,1,83,PF,2016-12-12,167.207600000001,116.36000000000104,2022-12-29
42,42,2,12,PF,2013-04-12,27615.72,27609.02,2022-01-19
185,185,2,12,PF,2011-03-23,403.0492999999993,393.61999999999927,2021-03-04
415,415,2,12,PF,2015-06-09,66837.7112,64200.64,2022-12-30
504,504,2,12,PF,2015-04-22,45917.35829999998,46241.16999999998,2022-12-29
548,548,2,12,PF,2021-05-24,51462.004,47060.44,2022-12-29
23,23,2,15,PF,2012-12-06,19605.4353,19299.27,2022-12-29
55,55,2,15,PF,2016-11-10,353.76440000000025,322.2600000000002,2022-12-30
85,85,2,15,PF,2010-10-04,55114.8674,10769.580000000002,2022-12-11
138,138,2,15,PF,2018-04-06,230.13239999999968,116.0499999999997,2022-12-29
188,188,2,15,PF,2022-11-12,10111.06130000001,9159.69000000001,2022-12-30
432,432,2,15,PF,2011-04-27,122319.37840000007,115048.84000000004,2022-12-29
455,455,2,15,PF,2017-08-24,1440.951200000005,1268.5000000000048,2020-11-08
517,517,2,15,PF,2020-12-11,62271.81750000006,64049.89000000007,2022-12-29
545,545,2,15,PF,2019-12-16,20510.215600000003,20524.460000000003,2022-12-29
621,621,2,15,PF,2015-03-11,52509.97999999999,52048.079999999994,2022-10-12
762,762,2,15,PF,2022-09-15,28104.59999999997,27974.59999999997,2022-12-29
168,168,2,22,PF,2012-12-20,35959.304999999986,37827.95999999999,2022-07-06
456,456,2,22,PF,2014-02-12,25.758000000000948,12.040000000000893,2022-04-04
505,505,2,22,PF,2013-07-27,209128.9260000001,191520.6000000001,2022-10-19
566,566,2,22,PF,2013-11-11,5737.688000000004,5160.790000000003,2018-03-26
666,666,2,22,PF,2015-07-27,47389.7522,48308.97000000001,2020-02-25
750,750,2,22,PF,2012-05-05,3848.688399999997,3727.019999999996,2022-12-25
768,768,2,22,PF,2019-04-22,44919.12599999998,42951.11999999998,2022-12-29
14,14,2,28,PF,2014-08-26,3923.409599999999,3491.479999999999,2022-12-30
45,45,2,28,PF,2015-10-19,15400.831,13450.8,2021-06-10
221,221,2,28,PF,2016-08-16,2058.9816,2677.19,2022-12-28
534,534,2,28,PF,2015-01-25,32217.004799999995,33477.579999999994,2022-12-29
799,799,2,28,PF,2021-05-24,128.3256999999996,7.339999999999648,2022-12-30
841,841,2,28,PF,2020-04-16,35333.462400000004,36788.9,2022-12-28
896,896,2,28,PF,2018-06-19,36968.3095,39530.31,2022-12-29
915,915,2,28,PF,2018-12-25,12410.458000000002,12940.120000000004,2022-10-01
945,945,2,28,PF,2016-05-10,48981.1509,49096.21000000001,2022-12-03
435,435,2,46,PF,2011-02-02,41480.0435,40881.44,2019-06-30
616,616,2,46,PF,2017-08-04,16991.020800000002,15969.620000000004,2022-12-29
661,661,2,46,PF,2013-09-11,19.332100000000253,5.350000000000263,2022-12-29
664,664,2,46,PF,2017-11-12,17796.98040000001,17333.02000000001,2022-12-30
667,667,2,46,PF,2022-03-06,987.9820000000002,760.3900000000001,2022-12-30
766,766,2,46,PF,2014-09-07,271.74490000000026,334.3100000000003,2022-12-29
821,821,2,46,PF,2012-03-12,38099.7,37024.01,2016-02-26
36,36,2,56,PF,2012-02-17,41929.7528,40313.21,2022-12-29
46,46,2,56,PF,2011-06-04,47538.62399999999,151644.4,2016-09-08
277,277,2,56,PF,2013-06-09,1408.3783999999982,1263.3899999999985,2017-10-07
375,375,2,56,PF,2019-06-22,13593.814999999986,12657.899999999983,2022-12-29
495,495,2,56,PF,2015-07-02,29290.9448,28153.49,2022-12-30
539,539,2,56,PF,2011-04-21,17405.555999999997,16455.879999999997,2015-09-25
744,744,2,56,PF,2012-03-21,4711.0281,5493.63,2021-10-01
774,774,2,56,PF,2018-07-11,206361.4035,196440.97,2022-12-29
903,903,2,56,PF,2020-08-16,83936.27880000003,84439.77000000003,2022-03-13
930,930,2,56,PF,2018-04-03,16311.089999999998,8241.089999999998,2022-12-18
62,62,2,57,PF,2010-12-02,6662.318100000003,6390.180000000003,2020-06-28
73,73,2,57,PF,2012-06-21,2612.7198000000017,2439.8500000000013,2017-05-21
94,94,2,57,PF,2011-09-09,34545.95549999998,33166.60999999998,2022-12-30
175,175,2,57,PF,2015-12-17,1931.3690000000004,1744.86,2018-05-18
333,333,2,57,PF,2019-12-03,398.66040000000135,263.32000000000124,2022-12-29
677,677,2,57,PF,2018-01-15,39346.53060000002,38525.41000000002,2022-07-12
760,760,2,57,PF,2013-04-27,20116.39679999998,20875.569999999985,2015-06-05
801,801,2,57,PF,2019-09-27,34040.2118,34583.48,2022-12-29
905,905,2,57,PF,2013-03-04,18219.1695,17267.949999999997,2016-08-05
990,990,2,57,PF,2020-01-23,6317.251199999996,6536.309999999996,2021-09-25
26,26,2,63,PF,2012-08-12,10388.779200000006,10032.940000000006,2021-02-13
51,51,2,63,PF,2022-01-18,330.5536,305.04,2022-12-29
140,140,2,63,PF,2015-02-10,140807.6754,117253.54,2022-12-29
235,235,2,63,PF,2018-06-01,114315.5104,109905.99,2021-09-09
383,383,2,63,PF,2017-01-24,38945.74079999999,40234.87999999999,2018-06-24
633,633,2,63,PF,2011-05-08,16.79930000000043,0.6000000000004135,2018-08-30
4,4,2,65,PF,2017-04-06,184007.862,170283.25000000003,2022-11-12
27,27,2,65,PF,2022-05-10,263.7312,228.68,2022-12-30
95,95,2,65,PF,2021-09-22,176.30550000000068,253.21000000000063,2022-12-29
11,11,2,69,PF,2010-11-12,8749.808799999995,8414.479999999996,2022-12-29
177,177,2,69,PF,2022-10-15,12129.6075,12439.49,2022-12-29
244,244,2,69,PF,2012-04-20,22751.98930000001,22071.15000000001,2022-12-24
251,251,2,69,PF,2013-07-11,8907.738000000003,8346.630000000003,2021-09-05
468,468,2,69,PF,2021-08-27,10007.897200000005,10124.270000000002,2022-12-30
533,533,2,69,PF,2021-08-09,26541.77249999997,24783.64999999997,2022-12-29
759,759,2,69,PF,2022-01-02,937.5840000000003,1702.4000000000003,2022-12-29
919,919,2,69,PF,2014-10-18,11549.642999999998,11770.39,2018-09-03
972,972,2,69,PF,2010-08-10,18882.358000000004,17130.820000000003,2022-05-08
166,166,2,70,PF,2014-11-21,124745.6959,122476.89,2021-01-20
222,222,2,70,PF,2014-05-11,10214.635,10068.5,2017-07-30
642,642,2,70,PF,2019-06-26,14609.89880000001,14856.86000000001,2022-12-29
655,655,2,70,PF,2016-02-11,74550.7858,70325.65,2020-05-15
699,699,2,70,PF,2011-03-22,24351.57009999999,22299.439999999988,2022-12-29
700,700,2,70,PF,2017-12-06,24760.97400000001,25235.92000000001,2022-12-30
510,510,2,81,PF,2012-03-16,23050.58800000001,20939.23000000001,2022-12-29
640,640,2,81,PF,2020-06-11,151.11360000000008,61.300000000000075,2022-12-29
668,668,2,81,PF,2015-03-03,2967.7232000000013,918.5800000000014,2022-12-30
879,879,2,81,PF,2013-07-12,238990.87940000003,231759.98000000004,2019-09-11
891,891,2,81,PF,2012-02-20,5171.9778000000015,5112.550000000002,2018-08-12
913,913,2,81,PF,2021-10-08,297.7511999999988,128.34999999999877,2022-12-30
75,75,2,96,PF,2011-06-12,43845.29979999999,44058.34,2022-10-08
201,201,2,96,PF,2021-11-12,20524.2641,19820.47,2022-12-30
323,323,2,96,PF,2015-06-14,3914.170000000004,3800.270000000004,2022-12-30
372,372,2,96,PF,2013-11-27,25957.564499999982,24630.599999999988,2019-10-25
425,425,2,96,PF,2021-01-22,773.5351,29312.93,2022-12-29
547,547,2,96,PF,2013-04-04,24559.998500000005,45922.630000000005,2018-01-29
623,623,2,96,PF,2018-06-12,274.8616000000002,195.38000000000017,2021-11-04
659,659,2,96,PF,2011-09-22,43301.91960000001,40067.48,2019-10-04
797,797,2,96,PF,2018-10-21,66.31660000000005,40.060000000000045,2022-12-30
826,826,2,96,PF,2017-07-16,3343.123199999999,3376.4299999999994,2019-08-18
890,890,2,96,PF,2013-12-11,91.91260000000293,34.61000000000276,2022-09-19
998,998,2,96,PF,2013-11-07,12110.9472,47398.84,2016-07-24
135,135,3,4,PF,2016-07-03,7367.596799999995,7665.519999999995,2020-11-27
189,189,3,4,PF,2021-09-16,3657.9384,2875.48,2022-12-29
656,656,3,4,PF,2019-02-20,30350.7828,30770.779999999995,2021-05-18
814,814,3,4,PF,2014-09-09,20261.3382,19025.32,2018-09-10
876,876,3,4,PF,2019-04-17,5137.496099999999,5069.369999999998,2022-12-29
895,895,3,4,PF,2022-08-15,3191.855400000008,3020.270000000008,2022-12-30
963,963,3,4,PF,2022-06-13,6909.477300000004,6250.550000000002,2022-12-29
70,70,3,27,PF,2021-02-18,108.51049999999992,28940.35,2022-12-30
229,229,3,27,PF,2013-01-20,15665.469999999998,15511.599999999997,2016-11-13
368,368,3,27,PF,2016-03-03,12017.386499999982,12075.629999999985,2022-12-29
376,376,3,27,PF,2012-04-07,11668.1467,10745.11,2022-09-30
721,721,3,27,PF,2022-07-17,1729.3182,1623.7099999999998,2022-12-29
845,845,3,27,PF,2020-12-16,904.8035,477.9500000000001,2022-12-30
897,897,3,27,PF,2016-12-07,208.5145999999995,156.1499999999995,2022-12-29
21,21,3,37,PF,2016-07-10,7250.567999999998,6957.3099999999995,2022-11-24
129,129,3,37,PF,2013-01-08,40602.261200000015,38336.69000000001,2020-04-09
212,212,3,37,PF,2021-04-09,26933.379200000003,26472.640000000003,2022-12-29
420,420,3,37,PF,2013-01-24,10852.621899999998,11170.85,2017-05-22
608,608,3,37,PF,2014-09-20,28555.18,28544.94,2019-12-14
767,767,3,37,PF,2019-12-06,77102.72960000002,74114.26000000001,2022-12-18
850,850,3,37,PF,2013-07-22,117660.80210000002,107914.04,2018-08-05
173,173,3,41,PF,2021-05-12,87.43559999999941,536.7199999999993,2022-12-29
525,525,3,41,PF,2012-05-03,22773.805600000007,20567.89000000001,2017-10-21
576,576,3,41,PF,2015-12-26,1618.4770000000012,1368.4600000000014,2021-04-12
582,582,3,41,PF,2013-02-21,36087.81210000002,37148.300000000025,2022-12-30
603,603,3,41,PF,2018-04-20,4323.152400000006,4352.130000000007,2022-12-29
689,689,3,41,PF,2014-04-15,37557.594000000005,34398.15000000001,2022-12-29
861,861,3,41,PF,2018-07-15,3621.6449,3264.96,2022-09-26
104,104,3,45,PF,2018-01-04,10225.377600000003,10009.550000000005,2022-12-30
179,179,3,45,PF,2019-01-15,67454.04840000003,66086.48000000003,2022-12-29
364,364,3,45,PF,2013-09-07,19006.89699999999,19977.86999999999,2019-02-24
371,371,3,45,PF,2012-12-04,35852.78140000001,32782.46000000001,2022-12-29
535,535,3,45,PF,2014-09-06,35.272400000001035,24.180000000000945,2021-09-06
800,800,3,45,PF,2015-02-25,45523.6656,46356.45,2022-12-30
840,840,3,45,PF,2013-02-05,18951.811499999985,19926.04999999998,2022-12-29
966,966,3,45,PF,2013-11-05,15348.307200000008,15243.720000000008,2022-12-29
71,71,3,47,PF,2013-12-14,16164.536500000006,14842.350000000004,2019-12-04
162,162,3,47,PF,2012-11-15,22674.024800000007,22376.76000000001,2016-11-24
238,238,3,47,PF,2019-03-08,786.881199999999,783.199999999999,2022-12-29
374,374,3,47,PF,2013-07-28,71434.55279999998,69922.47999999997,2021-03-04
430,430,3,47,PF,2013-08-16,1546.6709999999994,1451.6799999999994,2019-03-11
752,752,3,47,PF,2017-10-28,657.9224999999992,538.6499999999992,2022-12-29
778,778,3,47,PF,2018-12-21,4988.4286999999995,5373.209999999998,2022-12-29
832,832,3,47,PF,2012-12-25,56012.785200000006,51659.170000000006,2019-09-23
863,863,3,47,PF,2015-11-26,118.80539999999988,56.559999999999874,2018-09-23
3,3,3,49,PF,2013-01-05,25244.4854,24079.04,2022-08-14
155,155,3,49,PF,2013-08-22,57577.009999999995,57526.37999999999,2018-09-21
523,523,3,49,PF,2013-03-18,16025.31,14722.03,2015-06-04
765,765,3,49,PF,2019-05-27,291.07760000000025,200.49000000000024,2022-12-29
846,846,3,49,PF,2013-10-12,143847.08800000002,130458.18000000002,2022-12-30
881,881,3,49,PF,2019-12-23,5707.786199999996,5466.5499999999965,2022-12-29
886,886,3,49,PF,2014-04-26,3586.692199999997,3645.789999999997,2019-03-02
909,909,3,74,PF,2019-01-04,64506.149500000014,67700.81000000003,2022-11-25
56,56,3,78,PF,2022-09-21,149048.21800000002,139067.40000000002,2022-12-29
269,269,3,78,PF,2013-01-05,15245.684999999998,14424.129999999996,2020-06-26
325,325,3,78,PF,2014-04-14,23586.847,24763.26,2017-06-18
480,480,3,78,PF,2012-12-09,104.97999999999924,11.269999999999255,2022-11-03
507,507,3,78,PF,2015-04-20,296.15340000000026,254.4300000000002,2021-09-24
599,599,3,78,PF,2020-01-11,161.93659999999943,139.20999999999944,2022-12-27
898,898,3,78,PF,2013-02-25,79839.1567,79023.89000000001,2018-03-09
914,914,3,78,PF,2017-11-11,675.8313999999997,650.8599999999997,2022-12-26
43,43,3,88,PF,2016-09-03,43388.047999999966,39429.829999999965,2022-12-29
80,80,3,88,PF,2015-04-23,28432.930999999975,29329.999999999975,2022-12-29
205,205,3,88,PF,2016-01-15,28440.02220000001,26009.76000000001,2022-08-23
373,373,3,88,PF,2013-07-19,47371.6908,48268.47000000001,2016-11-07
419,419,3,88,PF,2013-05-01,1444.2595999999996,1153.8499999999997,2022-12-30
115,115,3,98,PF,2013-01-16,6.474099999999996,82556.41,2016-08-14
193,193,3,98,PF,2014-06-24,9466.416000000003,9226.570000000003,2022-12-29
248,248,3,98,PF,2019-06-13,919.2544,871.17,2022-08-07
298,298,3,98,PF,2012-04-21,106461.8007,99486.45,2019-04-06
408,408,3,98,PF,2021-10-15,9193.057199999997,8497.309999999994,2022-12-30
416,416,3,98,PF,2022-12-18,35643.506000000016,34907.80000000001,2023-01-01
592,592,3,98,PF,2014-10-28,493.4051999999904,427.07999999999055,2022-12-06
866,866,3,98,PF,2019-06-22,4.34159999999972,624.8199999999997,2022-12-30
906,906,3,98,PF,2012-11-25,25095.490799999992,25725.93999999999,2022-12-29
960,960,3,98,PF,2014-07-05,78171.21,77835.11,2020-01-10
9,9,4,3,PF,2022-12-08,81101.62819999998,75739.06999999998,2022-12-30
39,39,4,3,PF,2022-04-25,12353.212799999988,12760.229999999983,2022-12-29
460,460,4,3,PF,2014-03-04,4130.975999999998,2982.799999999997,2022-12-24
571,571,4,3,PF,2018-01-18,469.7516000000012,316.6800000000012,2022-12-30
580,580,4,3,PF,2014-05-04,17823.12479999999,17114.16999999999,2022-12-29
727,727,4,3,PF,2020-08-10,2660.2608000000014,1976.6800000000007,2022-06-08
780,780,4,3,PF,2018-02-05,2476.529399999994,2414.309999999994,2022-02-20
813,813,4,3,PF,2020-08-28,410.8399999999999,202.0699999999999,2022-12-30
848,848,4,3,PF,2022-10-14,6.086400000000105,26.09000000000011,2022-12-29
924,924,4,3,PF,2021-10-20,26185.644,23748.1,2022-12-29
943,943,4,3,PF,2017-09-07,35595.4542,32521.38,2022-12-30
5,5,4,32,PF,2015-01-14,137649.18999999994,120169.18999999994,2018-07-24
49,49,4,32,PF,2021-05-05,349.16419999999965,97.48999999999968,2022-12-29
148,148,4,32,PF,2016-02-22,6451.976199999999,5824.069999999999,2022-12-28
187,187,4,32,PF,2022-03-08,8302.287000000002,7893.980000000001,2022-12-29
250,250,4,32,PF,2018-12-08,8020.7748,9242.54,2022-12-29
279,279,4,32,PF,2018-04-09,21046.9824,21497.92,2022-12-29
356,356,4,32,PF,2014-01-13,44776.380000000034,40667.300000000025,2022-06-01
444,444,4,32,PF,2022-11-20,3825.8640000000014,3737.0800000000017,2022-12-30
467,467,4,32,PF,2018-02-26,32232.6802,32091.99,2022-12-29
615,615,4,32,PF,2021-06-11,98888.4733,90717.11,2022-12-30
638,638,4,32,PF,2018-07-05,314.00000000000085,19.700000000000895,2022-12-29
705,705,4,32,PF,2015-07-24,7272.482000000004,7395.500000000005,2019-05-21
749,749,4,32,PF,2018-08-23,45291.66719999999,43485.13999999999,2021-05-18
781,781,4,32,PF,2014-09-23,337.701,78.42000000000002,2022-07-26
828,828,4,32,PF,2021-12-25,10753.2115,10954.17,2022-12-30
830,830,4,32,PF,2018-01-11,20823.5352,19957.63,2022-12-29
834,834,4,32,PF,2015-03-25,241.1655999999999,179.6499999999999,2018-08-31
923,923,4,32,PF,2021-05-05,21432.6196,21785.72,2022-12-29
988,988,4,32,PF,2021-02-22,2195.138399999999,2052.749999999998,2022-12-28
57,57,4,61,PF,2017-05-04,698.5659999999996,619.9799999999996,2022-12-29
60,60,4,61,PF,2017-11-28,3646.3741999999993,3704.5099999999993,2022-02-17
161,161,4,61,PF,2015-08-17,7354.644199999997,6742.019999999996,2021-10-24
230,230,4,61,PF,2020-12-22,8796.049600000004,8269.420000000006,2022-12-30
252,252,4,61,PF,2019-07-18,269.7096000000005,237.1200000000004,2021-06-17
322,322,4,61,PF,2014-06-27,48224.92949999998,48608.92999999997,2019-02-24
350,350,4,61,PF,2018-11-15,65716.299,66372.28,2022-12-30
541,541,4,61,PF,2019-04-25,80038.6673,82151.29,2022-12-29
568,568,4,61,PF,2020-08-22,78357.2816,74084.73999999996,2022-12-29
575,575,4,61,PF,2015-07-27,80964.10140000001,79474.92000000001,2022-06-23
852,852,4,61,PF,2015-07-01,41988.59279999998,42369.57999999998,2016-09-28
970,970,4,61,PF,2021-01-07,34423.441499999964,32777.219999999965,2022-12-29
164,164,4,73,PF,2014-09-08,6258.363999999998,6164.679999999998,2020-05-21
233,233,4,73,PF,2014-12-02,30.06220000000009,9.760000000000076,2019-04-09
259,259,4,73,PF,2019-10-12,143.9934000000046,102.7700000000045,2022-12-29
304,304,4,73,PF,2019-07-04,47188.6454,44492.25,2021-03-07
346,346,4,73,PF,2019-03-02,72228.95280000001,66842.31,2022-06-21
363,363,4,73,PF,2022-05-03,5784.426,4613.949999999999,2022-12-29
366,366,4,73,PF,2014-06-06,18102.158200000005,18358.390000000007,2022-12-29
390,390,4,73,PF,2018-08-17,245.61999999999935,301.41999999999933,2022-12-20
448,448,4,73,PF,2019-12-18,108585.12,108046.82,2022-12-30
515,515,4,73,PF,2014-04-17,127.81150000000454,101.63000000000424,2022-12-30
614,614,4,73,PF,2014-04-16,17250.890900000006,17057.350000000002,2018-10-11
624,624,4,73,PF,2015-08-03,6263.416800000001,5759.04,2022-04-09
703,703,4,73,PF,2015-03-04,13916.083199999995,14255.219999999996,2020-04-08
723,723,4,73,PF,2013-12-02,29617.02219999998,27618.219999999976,2019-08-17
753,753,4,73,PF,2017-07-04,13400.350000000006,13211.550000000008,2022-09-08
776,776,4,73,PF,2021-03-14,117.59999999999974,76.57999999999971,2022-12-29
798,798,4,73,PF,2015-11-21,539.2416000000095,509.95000000000994,2022-12-29
838,838,4,73,PF,2013-11-15,20058.3032,19265.34,2021-05-08
899,899,4,73,PF,2021-10-17,8539.36819999999,8294.28999999999,2022-12-29
934,934,4,73,PF,2017-08-25,4177.671299999997,3450.2699999999973,2022-12-29
940,940,4,73,PF,2016-10-25,7979.810000000007,8178.800000000008,2022-12-29
974,974,4,73,PF,2014-07-18,1633.7509000000014,1166.8700000000013,2016-11-23
993,993,4,73,PF,2017-10-07,6775.4114999999965,6150.549999999997,2021-11-17
102,102,5,5,PF,2015-02-28,15506.31009999999,14875.639999999989,2022-12-29
158,158,5,5,PF,2018-10-22,102.45399999999525,60.279999999995674,2022-02-07
312,312,5,5,PF,2022-07-12,2990.5535,2843.45,2022-12-29
532,532,5,5,PF,2021-07-13,49694.780000000006,49628.380000000005,2022-12-30
747,747,5,5,PF,2022-11-18,505.38600000000105,507.200000000001,2022-12-29
180,180,5,9,PF,2022-07-21,3046.3190999999974,3004.3299999999977,2022-12-29
215,215,5,9,PF,2020-04-10,45569.01279999997,44209.509999999966,2022-12-29
413,413,5,9,PF,2014-05-20,12999.930300000033,13377.540000000034,2022-12-29
600,600,5,9,PF,2021-01-10,2724.0510000000017,2350.110000000001,2022-12-29
980,980,5,9,PF,2022-07-27,5490.924,5758.24,2022-12-30
1,1,5,10,PF,2014-07-08,22473.870000000006,22538.060000000005,2022-11-08
223,223,5,10,PF,2022-12-17,30.260999999999587,12.229999999999622,2022-12-29
476,476,5,10,PF,2018-05-26,37413.598600000005,34814.880000000005,2021-02-23
630,630,5,10,PF,2014-07-02,799.293,698.3299999999998,2022-12-03
833,833,5,10,PF,2014-07-17,16409.372399999993,15424.989999999993,2021-03-23
157,157,5,21,PF,2017-08-20,183979.0378,172773.52999999994,2022-12-27
326,326,5,21,PF,2018-01-27,35921.447100000005,1284.2900000000154,2022-09-02
447,447,5,21,PF,2022-03-08,453.5041000000013,396.5300000000013,2022-12-29
514,514,5,21,PF,2021-01-20,12237.534399999997,11325.959999999995,2022-12-29
196,196,5,36,PF,2014-06-05,34585.58400000002,35985.860000000015,2021-04-27
343,343,5,36,PF,2021-09-20,25938.223500000007,24644.540000000008,2022-12-30
692,692,5,36,PF,2014-07-11,34962.180000000015,32166.280000000013,2022-12-30
987,987,5,36,PF,2014-08-02,2148.6800000000026,2159.690000000003,2016-08-29
328,328,5,43,PF,2017-03-04,36948.71099999999,33788.959999999985,2019-05-02
562,562,5,43,PF,2021-07-16,1973.9338999999984,1811.4899999999984,2022-12-29
653,653,5,43,PF,2016-06-16,94097.6508,86317.92999999996,2022-12-29
817,817,5,43,PF,2021-11-25,41127.395399999994,41896.72999999999,2022-12-29
309,309,5,50,PF,2015-07-15,14816.409599999995,15334.759999999997,2022-12-29
516,516,5,50,PF,2019-09-19,335.9865000000003,349.4800000000004,2022-12-30
613,613,5,50,PF,2017-10-24,18773.48670000001,18763.110000000008,2022-05-13
810,810,5,50,PF,2017-07-07,635.0343000000001,918.39,2022-12-29
939,939,5,50,PF,2022-12-13,822.8315999999975,809.3499999999974,2022-12-30
975,975,5,50,PF,2021-03-18,20.86080000000059,46.71000000000062,2022-12-30
192,192,5,52,PF,2015-09-27,92644.50240000008,96197.7900000001,2022-12-30
450,450,5,52,PF,2019-04-01,18485.220000000005,17763.990000000005,2022-11-30
611,611,5,52,PF,2019-08-06,35913.2874,33542.41,2022-12-29
725,725,5,52,PF,2020-01-11,116.37150000000052,20.830000000000496,2022-12-29
651,651,5,55,PF,2016-07-14,43605.48670000003,44909.55000000003,2021-08-23
779,779,5,55,PF,2014-04-15,3915.3371,4232.93,2021-03-27
837,837,5,55,PF,2014-03-18,18181.167299999997,16654.639999999992,2020-05-26
327,327,5,59,PF,2021-10-08,12913.3,12434.7,2022-12-29
388,388,5,59,PF,2017-02-14,14348.662200000006,13919.020000000006,2022-12-24
462,462,5,59,PF,2016-11-19,400.80720000000014,340.18000000000006,2019-12-29
485,485,5,59,PF,2017-09-23,21129.425199999994,19292.719999999998,2022-07-07
786,786,5,59,PF,2019-01-21,25708.9875,24386.97,2022-12-30
790,790,5,59,PF,2014-07-03,8696.465099999998,8079.569999999997,2021-09-20
862,862,5,59,PF,2017-11-07,57375.23480000002,54060.360000000015,2022-12-25
926,926,5,59,PF,2018-05-03,58479.77530000001,53607.32000000001,2022-12-27
370,370,5,60,PF,2022-07-08,370.37110000000007,308.99,2022-12-29
484,484,5,60,PF,2021-07-01,158638.32800000007,148919.10000000003,2022-12-29
676,676,5,60,PF,2016-04-25,7591.3268,6859.660000000001,2018-10-13
820,820,5,60,PF,2017-05-04,4803.103799999996,4043.629999999996,2022-12-29
237,237,5,76,PF,2021-07-28,230.8293,197.93,2022-12-29
340,340,5,76,PF,2022-02-15,68771.1128,65285.170000000006,2022-12-29
29,29,5,92,PF,2015-07-27,33.39839999999977,26.33999999999976,2022-12-30
72,72,5,92,PF,2019-04-07,27508.063000000013,24529.73000000001,2022-12-29
76,76,5,92,PF,2015-11-06,330.3371999999994,294.92999999999944,2022-12-29
127,127,5,92,PF,2014-04-15,111063.21579999998,109931.59999999998,2017-12-18
234,234,5,92,PF,2021-03-08,2649.290600000002,2269.760000000002,2022-12-30
387,387,5,92,PF,2014-02-08,47010.3323,43828.91,2022-12-30
597,597,5,92,PF,2019-06-19,106127.1498,108338.43,2022-12-29
405,405,6,2,PF,2021-11-17,429.42760000000015,275.2100000000001,2022-12-30
440,440,6,2,PF,2022-03-02,1333.1343999999997,1062.2599999999993,2022-12-29
612,612,6,2,PF,2017-02-05,12974.969999999994,13553.669999999996,2022-12-29
870,870,6,2,PF,2017-12-20,51333.78499999999,48084.299999999996,2022-12-13
2,2,6,16,PF,2020-03-27,59.27999999999989,12.719999999999883,2022-12-30
33,33,6,16,PF,2016-11-10,11565.978,10887.28,2022-12-30
64,64,6,16,PF,2016-04-18,6246.9720000000025,6501.510000000002,2022-02-07
427,427,6,16,PF,2019-02-18,8085.9635,7760.45,2022-03-04
641,641,6,16,PF,2019-12-07,1.3081000000000178,744.27,2022-12-29
856,856,6,16,PF,2015-06-24,11790.660800000003,10831.830000000004,2022-12-29
889,889,6,16,PF,2022-11-20,828.4121000000007,786.3600000000007,2022-12-30
24,24,6,17,PF,2018-06-10,35486.7548,34541.16,2022-12-30
172,172,6,17,PF,2020-06-20,24099.87310000001,24708.180000000015,2022-12-29
332,332,6,17,PF,2020-09-10,85186.3663,83239.81,2022-12-30
578,578,6,17,PF,2021-02-03,19177.224,18603.7,2022-12-30
819,819,6,17,PF,2022-08-02,54632.650400000006,56789.220000000016,2022-12-30
163,163,6,29,PF,2020-07-26,16598.95600000001,15220.770000000008,2022-12-29
169,169,6,29,PF,2015-07-01,25114.2021,25729.27,2022-10-24
365,365,6,29,PF,2020-03-11,341020.81510000007,333783.57000000007,2022-12-29
449,449,6,29,PF,2017-11-10,532.2974999999999,438.38,2022-12-29
706,706,6,29,PF,2019-01-10,1624.1472,1231.68,2022-12-30
935,935,6,29,PF,2018-03-22,327.5135999999998,186.15999999999983,2022-12-30
958,958,6,29,PF,2018-10-09,10828.382399999997,8596.759999999997,2022-12-22
763,763,6,44,PF,2016-10-19,2213.5238000000018,2061.360000000001,2022-12-27
107,107,6,53,PF,2020-04-19,273.6813000000011,160.81000000000105,2022-09-08
211,211,6,53,PF,2021-03-10,40789.4506,41996.880000000005,2022-12-30
518,518,6,53,PF,2015-10-03,9879.859199999997,9275.919999999993,2022-12-29
785,785,6,53,PF,2021-03-15,666.8729000000004,524.2000000000003,2022-12-30
48,48,6,54,PF,2019-03-09,2545.2932,2366.42,2022-12-29
452,452,6,54,PF,2020-07-18,159474.2364,146962.43,2022-12-29
643,643,6,54,PF,2022-03-26,32.818499999998906,37.669999999998886,2022-12-29
381,381,6,66,PF,2016-10-21,14217.100299999993,12694.709999999994,2022-12-05
513,513,6,66,PF,2021-07-01,13393.125199999997,13010.519999999997,2022-12-30
742,742,6,66,PF,2019-05-17,1612.4084000000005,1498.3300000000002,2022-11-30
206,206,6,87,PF,2018-01-05,19807.661999999997,19957.399999999998,2022-06-29
217,217,6,87,PF,2018-09-05,1918.2140999999967,1807.4899999999968,2022-12-30
316,316,6,87,PF,2018-01-23,29712.99839999999,30107.63999999999,2022-12-29
377,377,6,87,PF,2016-12-15,16675.08260000001,15678.090000000007,2022-12-29
610,610,6,87,PF,2020-11-01,1658.4777,1592.91,2022-12-29
733,733,6,87,PF,2020-09-26,340.40400000000017,253.59000000000012,2022-06-01
932,932,6,87,PF,2015-06-21,11546.252300000002,11282.89,2022-12-29
249,249,6,93,PF,2019-01-10,715.4993999999994,659.1999999999994,2022-12-16
386,386,6,93,PF,2018-11-03,39716.5807,36353.97,2020-12-29
590,590,6,93,PF,2018-10-09,33128.77330000001,29602.17,2022-12-29
720,720,6,93,PF,2021-03-23,4125.000000000001,3729.58,2022-12-29
871,871,6,93,PF,2022-08-22,93.7649999999994,31.699999999999363,2022-12-29
956,956,6,93,PF,2017-07-11,1352.761399999999,842.2899999999988,2022-12-29
35,35,6,97,PF,2015-09-11,47696.27940000001,44817.87,2022-09-03
109,109,6,97,PF,2022-03-16,35.217899999999915,21.65999999999992,2022-12-30
255,255,6,97,PF,2022-10-10,9955.434100000002,9653.13,2022-12-30
320,320,6,97,PF,2017-08-26,37.82790000000088,19.21000000000088,2022-12-30
540,540,6,97,PF,2018-12-07,19180.557,18481.9,2021-08-19
15,15,7,20,PF,2022-09-11,2647.5973000000063,3218.2900000000054,2022-12-30
16,16,7,20,PF,2018-04-20,2065.3824,2132.85,2022-12-29
17,17,7,20,PF,2020-03-12,326.407,237.6,2022-12-29
22,22,7,20,PF,2020-11-14,161.31949999999952,103.15999999999951,2022-12-30
31,31,7,20,PF,2016-09-25,21553.245000000003,20280.68,2022-05-07
52,52,7,20,PF,2022-08-14,22026.196199999995,17655.109999999993,2022-12-29
59,59,7,20,PF,2017-03-10,796.5504000000003,764.3600000000004,2022-10-11
61,61,7,20,PF,2015-11-19,361.85819999999967,241.97999999999968,2022-12-29
74,74,7,20,PF,2016-07-26,125.97040000000224,47.8800000000021,2022-12-29
84,84,7,20,PF,2021-05-18,36568.15950000001,33313.75000000001,2022-12-28
92,92,7,20,PF,2017-02-03,4.742399999999912,96.51999999999992,2019-07-30
112,112,7,20,PF,2021-07-11,43416.75890000001,42606.490000000005,2022-12-30
114,114,7,20,PF,2022-11-11,3760.196,17418.36,2022-12-30
131,131,7,20,PF,2022-03-07,36.79830000000035,822.9700000000001,2022-12-29
160,160,7,20,PF,2019-11-02,723.9304000000003,702.0800000000002,2022-12-30
210,210,7,20,PF,2018-11-15,97.45560000000225,67.79000000000212,2022-12-29
220,220,7,20,PF,2017-08-17,400725.0288,377919.46,2022-05-11
227,227,7,20,PF,2022-12-27,9071.866799999998,8827.14,2022-12-30
239,239,7,20,PF,2017-02-25,20825.13719999999,21003.23999999999,2022-09-25
241,241,7,20,PF,2021-02-26,7555.258799999993,6136.9099999999935,2022-12-29
265,265,7,20,PF,2019-06-05,36319.332,34565.509999999995,2022-12-29
266,266,7,20,PF,2016-09-15,25309.069700000004,23006.93,2021-10-10
270,270,7,20,PF,2019-09-05,22222.9195,21620.27,2022-12-30
285,285,7,20,PF,2017-08-06,13532.300699999983,12467.509999999984,2022-12-30
295,295,7,20,PF,2017-07-13,11694.355700000007,11614.690000000008,2022-12-24
299,299,7,20,PF,2022-05-02,47.73780000001832,2.570000000018503,2022-12-30
300,300,7,20,PF,2021-06-24,368.99280000000016,354.60000000000014,2022-12-29
339,339,7,20,PF,2019-10-13,24710.686000000005,22194.86,2022-12-29
351,351,7,20,PF,2020-08-19,404.9522000000016,253.86000000000143,2022-12-29
353,353,7,20,PF,2021-10-19,10744.796000000002,10071.98,2022-12-29
354,354,7,20,PF,2020-02-24,26258.0237,24081.21,2022-12-29
358,358,7,20,PF,2019-03-15,38618.0372,36812.24,2022-12-30
362,362,7,20,PF,2019-11-09,53389.31939999999,51760.47,2022-12-30
393,393,7,20,PF,2022-10-27,14967.477,13695.14,2022-12-30
394,394,7,20,PF,2016-12-21,25574.6799,25979.61,2022-09-04
399,399,7,20,PF,2018-09-23,30431.923499999997,28423.389999999992,2022-12-30
402,402,7,20,PF,2021-07-15,57385.86,54610.49,2022-12-30
424,424,7,20,PF,2022-02-10,96353.493,88192.7,2022-12-29
434,434,7,20,PF,2021-08-02,324.0639999999999,945.62,2022-11-09
442,442,7,20,PF,2022-12-17,22957.824999999997,20014.449999999997,2023-01-15
446,446,7,20,PF,2015-10-08,4383.7946999999995,3850.5299999999984,2022-03-14
492,492,7,20,PF,2016-06-17,262.4603000000003,239.80000000000024,2022-12-30
499,499,7,20,PF,2022-11-07,135452.0335999999,130201.50999999988,2022-12-29
531,531,7,20,PF,2020-04-17,922.636,579.95,2022-12-10
544,544,7,20,PF,2018-09-08,83742.50999999998,82074.94999999998,2022-07-01
553,553,7,20,PF,2017-10-25,27282.17000000001,26909.570000000007,2022-12-29
586,586,7,20,PF,2021-04-18,85580.4916,84678.16,2022-12-29
587,587,7,20,PF,2019-09-06,45734.2763,21792.21,2022-12-29
596,596,7,20,PF,2022-08-06,766.0956000000015,689.6500000000012,2022-12-29
601,601,7,20,PF,2019-06-24,55381.3086,50163.84,2022-12-29
626,626,7,20,PF,2022-07-25,27364.747999999992,25670.84999999999,2022-12-29
634,634,7,20,PF,2021-07-02,48.62880000000198,21.570000000002,2022-12-30
662,662,7,20,PF,2022-12-15,25648.756799999985,24995.139999999985,2022-12-31
678,678,7,20,PF,2016-06-06,9935.510000000006,9839.710000000003,2021-12-12
679,679,7,20,PF,2019-01-08,8394.091999999999,8519.33,2022-06-30
704,704,7,20,PF,2021-10-11,16362.496799999992,15714.769999999991,2022-12-29
712,712,7,20,PF,2019-06-16,34828.10070000001,45918.69000000001,2022-12-29
718,718,7,20,PF,2018-03-09,44328.157199999965,40732.589999999975,2022-12-25
730,730,7,20,PF,2019-05-02,29.14919999999682,16.42999999999705,2022-12-29
773,773,7,20,PF,2018-02-27,4140.307500000002,3896.8800000000015,2021-01-08
789,789,7,20,PF,2021-09-04,1840.6232000000016,932.7300000000016,2022-12-30
829,829,7,20,PF,2020-04-16,256.759,106.61999999999998,2022-12-30
842,842,7,20,PF,2020-10-02,1193.6988,1109.88,2022-12-30
868,868,7,20,PF,2022-12-02,443.1084000000002,407.8700000000002,2022-12-30
887,887,7,20,PF,2021-02-27,17067.478999999996,15458.459999999995,2022-12-30
900,900,7,20,PF,2021-08-06,375.71999999999946,71.91999999999945,2022-12-30
952,952,7,20,PF,2019-12-04,1104.786000000006,823.3000000000054,2022-12-21
977,977,7,20,PF,2018-12-15,1129.5240000000003,1012.65,2022-08-11
983,983,7,20,PF,2019-04-15,1415.9161999999988,1307.7499999999989,2022-12-30
28,28,7,26,PF,2017-04-03,52654.357600000025,50324.19000000002,2019-11-24
65,65,7,26,PF,2018-08-26,255.2562000000009,208.1500000000008,2022-06-24
67,67,7,26,PF,2018-05-14,3343.6211999999973,3092.4599999999973,2022-08-25
78,78,7,26,PF,2019-12-27,5572.906500000004,5007.530000000003,2022-12-30
81,81,7,26,PF,2021-04-03,4317.820499999995,4035.6599999999953,2022-12-29
83,83,7,26,PF,2021-10-07,16.119600000000553,9550.960000000001,2022-12-29
86,86,7,26,PF,2016-03-05,140.7049999999999,180.19999999999987,2022-12-29
113,113,7,26,PF,2020-01-07,647.6868000000035,30.71000000000322,2022-12-30
118,118,7,26,PF,2022-04-14,265.88339999999965,244.5599999999997,2022-12-29
144,144,7,26,PF,2022-04-06,347.13699999999926,885.0999999999992,2022-12-29
183,183,7,26,PF,2019-12-19,1028.980000000002,2655.280000000002,2022-05-30
224,224,7,26,PF,2019-09-20,91.82160000000067,32.2900000000006,2022-12-25
245,245,7,26,PF,2018-06-15,27657.71840000001,26339.26000000001,2022-12-29
246,246,7,26,PF,2019-05-23,73563.27929999997,74061.32999999997,2022-12-29
264,264,7,26,PF,2020-03-19,1065.2400000000005,946.8000000000004,2022-12-30
274,274,7,26,PF,2018-08-16,105741.36560000003,101639.81000000004,2022-12-30
276,276,7,26,PF,2021-02-03,10241.661799999993,9370.809999999994,2022-12-30
283,283,7,26,PF,2018-10-13,12870.349999999997,12935.609999999995,2020-02-17
301,301,7,26,PF,2015-10-20,23199.2692,21653.35,2018-02-13
310,310,7,26,PF,2020-11-04,6616.230400000003,6132.560000000003,2022-12-29
317,317,7,26,PF,2020-08-17,5980.9133,5950.89,2022-12-30
342,342,7,26,PF,2018-05-18,33695.246300000006,33336.16,2022-12-27
360,360,7,26,PF,2021-08-15,22218.494400000003,20525.77,2022-12-29
385,385,7,26,PF,2018-08-06,12044.817399999996,13802.429999999997,2022-12-27
411,411,7,26,PF,2022-03-10,165559.71119999996,158495.12999999998,2022-12-29
414,414,7,26,PF,2017-04-10,6141.765600000006,5669.230000000005,2020-11-10
417,417,7,26,PF,2022-10-17,11095.682399999996,9982.919999999993,2022-12-30
421,421,7,26,PF,2020-04-24,466.6166999999997,439.0999999999996,2022-01-16
433,433,7,26,PF,2021-12-16,815.3023,63.930000000000064,2022-12-30
437,437,7,26,PF,2022-10-27,742.212900000001,608.3100000000011,2022-12-29
457,457,7,26,PF,2017-04-14,3056.269999999999,2809.969999999999,2022-10-24
464,464,7,26,PF,2021-04-20,11680.430299999996,10722.869999999994,2022-12-29
477,477,7,26,PF,2022-08-20,1851.4464000000005,1311.3900000000006,2022-12-30
491,491,7,26,PF,2020-09-03,34816.108800000016,36237.31000000002,2022-12-29
498,498,7,26,PF,2015-08-25,5685.146599999999,5739.169999999999,2022-04-14
506,506,7,26,PF,2017-11-25,11257.516799999998,11621.169999999998,2022-12-28
521,521,7,26,PF,2022-09-13,248.54940000000016,146.28000000000017,2022-12-30
527,527,7,26,PF,2015-08-10,151338.39419999998,142774.91999999998,2022-05-07
529,529,7,26,PF,2020-03-23,31630.654400000003,29764.67,2022-12-30
530,530,7,26,PF,2018-02-14,11555.8464,11723.3,2020-10-08
550,550,7,26,PF,2017-06-25,102824.5968,95089.16,2022-12-30
552,552,7,26,PF,2018-06-17,31.291399999999705,769.6799999999998,2022-12-29
573,573,7,26,PF,2021-05-11,830.5600000000009,498.36000000000087,2022-12-29
579,579,7,26,PF,2018-10-03,7337.750900000002,6816.7300000000005,2022-08-12
581,581,7,26,PF,2017-07-06,8627.6124,7873.11,2020-12-16
588,588,7,26,PF,2019-09-07,6797.460999999995,6144.819999999995,2022-12-30
622,622,7,26,PF,2018-01-24,2143.1398,1912.43,2022-12-30
628,628,7,26,PF,2020-07-08,85151.4234,84354.36,2022-12-30
636,636,7,26,PF,2016-12-26,7746.5646000000015,7061.730000000001,2020-04-17
637,637,7,26,PF,2017-03-05,3806.2207999999982,3668.4499999999994,2021-07-18
646,646,7,26,PF,2018-08-15,45815.8398,44858.96,2022-12-29
649,649,7,26,PF,2016-04-11,21961.584,22871.31,2021-11-14
650,650,7,26,PF,2022-07-12,7.040600000000772,684.2800000000008,2022-12-30
674,674,7,26,PF,2021-02-10,235.9670999999997,179.30999999999972,2022-12-29
680,680,7,26,PF,2016-08-07,55.6890000000008,39.95000000000084,2022-10-19
681,681,7,26,PF,2018-07-23,160415.00739999997,90516.73999999996,2022-12-30
690,690,7,26,PF,2022-02-27,27760.70160000001,28603.20000000001,2022-12-29
691,691,7,26,PF,2020-07-15,107912.5686,101404.81,2022-05-08
716,716,7,26,PF,2019-05-02,427.15799999999984,228.03999999999988,2022-12-29
728,728,7,26,PF,2020-11-23,19557.7739,20119.83,2022-12-29
737,737,7,26,PF,2021-01-28,901.5984,2456.42,2022-12-29
761,761,7,26,PF,2016-06-07,9.26500000000076,1232.1000000000006,2022-12-30
771,771,7,26,PF,2020-01-16,92428.7395,97788.51000000001,2022-12-29
782,782,7,26,PF,2019-01-10,35279.73569999998,32124.629999999983,2022-02-19
783,783,7,26,PF,2015-09-21,41501.581000000006,37538.71000000001,2019-01-07
794,794,7,26,PF,2019-11-14,996.407400000001,938.790000000001,2022-12-29
807,807,7,26,PF,2022-07-28,50704.85849999996,51891.34999999996,2022-12-30
836,836,7,26,PF,2022-08-23,419.59170000000006,370.66,2022-12-30
849,849,7,26,PF,2021-06-05,5047.4802000000045,5126.2900000000045,2022-12-30
864,864,7,26,PF,2017-04-28,12665.790000000008,13352.690000000008,2022-01-05
902,902,7,26,PF,2018-03-17,1374.980399999999,1311.139999999999,2022-12-29
912,912,7,26,PF,2020-07-16,23870.487500000025,24429.250000000025,2022-12-29
941,941,7,26,PF,2022-05-22,272.6360000000003,47.30000000000027,2022-12-30
946,946,7,26,PF,2016-03-05,379.39200000000113,239.8000000000011,2022-12-26
968,968,7,26,PF,2018-02-01,170.82479999999958,96.0199999999996,2022-12-30
971,971,7,26,PF,2021-02-12,18364.652800000003,16534.760000000002,2022-12-30
979,979,7,26,PF,2018-03-09,33568.8063,30770.18,2022-10-19
981,981,7,26,PF,2021-09-13,824.6600000000002,328.6600000000002,2022-12-29
982,982,7,26,PF,2019-11-25,92.57279999999427,29.59999999999404,2022-12-29
984,984,7,26,PF,2016-12-15,9173.723400000015,8208.760000000013,2022-12-29
991,991,7,26,PF,2019-02-14,14.081199999998848,3.5299999999989207,2022-12-29
995,995,7,26,PF,2021-02-06,872.1574,801.7199999999998,2022-12-30
996,996,7,26,PF,2017-02-20,37556.4187,34524.92999999999,2022-12-29
997,997,7,26,PF,2020-11-20,88.69000000000062,84.08000000000064,2022-12-29
8,8,7,48,PF,2021-08-13,1238.663,1054.95,2022-12-30
18,18,7,48,PF,2021-07-18,226548.6288,217787.98,2022-12-30
54,54,7,48,PF,2017-09-08,30239.91510000001,30255.810000000005,2022-12-29
77,77,7,48,PF,2019-02-01,415.6119000000001,349.81000000000006,2022-12-29
87,87,7,48,PF,2020-07-08,35777.783999999985,34063.459999999985,2022-12-30
97,97,7,48,PF,2021-09-28,46143.0942,46508.29,2022-12-30
105,105,7,48,PF,2018-11-27,34360.52540000001,32440.67000000001,2022-12-30
124,124,7,48,PF,2021-03-27,2933.2446,2862.07,2022-12-30
130,130,7,48,PF,2019-11-15,487.2300000000004,729.1300000000003,2022-12-29
139,139,7,48,PF,2016-09-23,437.80949999999933,401.64999999999935,2022-10-31
143,143,7,48,PF,2020-04-19,2958.5999999999985,2772.5999999999985,2022-12-30
149,149,7,48,PF,2020-06-25,21311.996100000004,19341.19,2022-12-29
178,178,7,48,PF,2020-07-17,24518.92340000001,23767.600000000013,2022-12-29
197,197,7,48,PF,2020-09-26,198787.40279999992,181219.00999999992,2022-12-29
202,202,7,48,PF,2016-04-22,19693.7832,17714.929999999997,2022-12-29
216,216,7,48,PF,2019-12-06,75578.50199999998,74679.16999999998,2022-12-30
226,226,7,48,PF,2017-01-14,30179.9745,27655.509999999995,2022-12-29
228,228,7,48,PF,2022-03-04,78851.93800000001,82933.80000000002,2022-12-29
271,271,7,48,PF,2020-12-02,72928.57199999996,71467.53999999996,2022-12-29
297,297,7,48,PF,2018-08-11,925.8808,879.13,2020-03-20
307,307,7,48,PF,2017-02-10,95.07240000000164,72.7200000000015,2022-12-29
319,319,7,48,PF,2021-08-18,62237.17899999999,64114.91999999999,2022-12-29
341,341,7,48,PF,2016-04-12,9032.979999999996,7595.999999999996,2022-12-29
352,352,7,48,PF,2022-06-05,25597.9395,24148.989999999994,2022-12-29
380,380,7,48,PF,2015-10-25,28308.879000000008,29778.26000000001,2022-12-29
389,389,7,48,PF,2021-12-13,101.14829999999976,98.43999999999976,2022-12-29
398,398,7,48,PF,2022-02-16,87.63600000000042,71.32000000000038,2022-12-30
418,418,7,48,PF,2016-05-12,26645.938800000004,27003.540000000005,2021-03-23
422,422,7,48,PF,2022-11-27,188.42829999999984,101.75999999999983,2022-12-29
438,438,7,48,PF,2017-06-10,11894.958400000003,10485.760000000004,2022-11-27
459,459,7,48,PF,2019-11-05,124.78999999999982,74.02999999999983,2022-09-12
479,479,7,48,PF,2022-09-27,328.5682000000004,290.31000000000034,2022-12-30
487,487,7,48,PF,2019-07-08,32798.233800000016,30920.12000000001,2022-12-29
490,490,7,48,PF,2021-06-07,3991.060000000001,3463.560000000001,2022-12-29
500,500,7,48,PF,2016-11-20,11679.789599999984,10787.499999999984,2018-03-17
537,537,7,48,PF,2020-02-02,6522.8415,6180.000000000001,2022-12-29
543,543,7,48,PF,2017-07-05,4106.559600000007,3765.360000000006,2022-12-29
549,549,7,48,PF,2019-06-22,1106.7705,609.1500000000001,2021-06-22
554,554,7,48,PF,2022-06-02,20.3055999999989,187.91999999999888,2022-12-29
577,577,7,48,PF,2016-03-15,17829.86780000001,16712.74000000001,2020-01-24
606,606,7,48,PF,2021-06-18,1239.81,1161.93,2022-12-29
625,625,7,48,PF,2021-01-09,10787.116999999998,9793.869999999997,2022-12-30
647,647,7,48,PF,2018-12-19,143.43000000000015,118.65000000000012,2021-11-07
685,685,7,48,PF,2021-02-27,56057.10600000001,53350.32,2022-12-29
687,687,7,48,PF,2021-12-14,44954.049000000006,42763.73,2022-12-29
698,698,7,48,PF,2018-08-14,52949.88400000002,49952.45000000002,2022-12-29
710,710,7,48,PF,2019-06-26,3706.825500000003,3069.4100000000026,2022-09-27
732,732,7,48,PF,2018-07-26,26142.373000000007,26741.500000000007,2022-12-29
755,755,7,48,PF,2019-05-27,48347.008400000006,45095.630000000005,2022-12-29
756,756,7,48,PF,2021-01-16,11326.051199999998,11697.769999999997,2022-12-30
769,769,7,48,PF,2017-01-07,3666.8721,3430.07,2022-08-29
787,787,7,48,PF,2017-10-10,109334.01150000002,103374.03,2022-12-29
796,796,7,48,PF,2019-11-08,5281.922400000003,5077.3200000000015,2022-11-30
802,802,7,48,PF,2015-11-05,32374.373400000004,29643.65,2019-03-14
824,824,7,48,PF,2016-01-07,18454.70589999999,19004.62999999999,2017-05-11
839,839,7,48,PF,2017-01-02,14016.338000000009,14495.29000000001,2019-10-04
855,855,7,48,PF,2017-02-25,48777.10759999999,44463.939999999995,2022-12-29
880,880,7,48,PF,2017-06-06,20335.09320000001,18485.37000000001,2022-12-30
883,883,7,48,PF,2015-09-05,29382.132000000005,28322.770000000004,2017-05-01
937,937,7,48,PF,2022-06-16,1659.4314999999976,1094.9699999999975,2022-12-29
967,967,7,48,PF,2016-02-21,62645.7786,61092.73,2021-05-01
37,37,7,64,PF,2022-07-03,352.04000000000065,328.2600000000006,2022-12-30
47,47,7,64,PF,2021-12-07,37349.644499999995,35527.58999999999,2022-12-29
82,82,7,64,PF,2019-07-03,2813.932000000004,2530.1000000000035,2021-01-31
89,89,7,64,PF,2021-08-26,69758.35999999997,71055.32999999997,2022-12-29
103,103,7,64,PF,2018-05-25,38172.34589999998,49975.52999999998,2022-12-25
126,126,7,64,PF,2017-07-25,57292.045200000015,52158.79000000001,2022-05-19
142,142,7,64,PF,2021-10-04,229.98999999999984,370.29999999999984,2022-12-29
165,165,7,64,PF,2020-01-23,9170.933,8355.740000000003,2022-12-30
167,167,7,64,PF,2021-08-21,132218.80940000003,121260.38000000002,2022-12-29
213,213,7,64,PF,2019-08-18,60366.02030000002,55301.670000000006,2022-12-30
225,225,7,64,PF,2020-08-18,419923.1778,411617.06,2022-12-30
240,240,7,64,PF,2021-03-16,6642.557900000001,6437.990000000001,2022-12-29
261,261,7,64,PF,2015-09-20,40119.07859999999,38945.42999999999,2022-12-29
263,263,7,64,PF,2017-12-27,14228.49259999999,14502.429999999988,2022-12-30
267,267,7,64,PF,2022-09-12,15860.1976,15184.19,2022-12-30
289,289,7,64,PF,2022-12-11,392.81120000000016,392.94000000000017,2022-12-29
292,292,7,64,PF,2015-10-10,134384.26400000002,141742.22000000003,2022-12-25
294,294,7,64,PF,2021-05-13,52858.188899999994,53347.529999999984,2022-12-30
302,302,7,64,PF,2017-01-10,47083.89599999999,43163.69999999999,2021-11-16
303,303,7,64,PF,2017-04-11,59.479200000000006,31.210000000000008,2021-04-10
315,315,7,64,PF,2022-12-19,15067.777299999996,14528.579999999996,2022-12-29
329,329,7,64,PF,2019-06-25,22775.0598,18148.49,2022-12-30
379,379,7,64,PF,2021-02-21,1110.2640999999987,873.5999999999988,2022-12-29
412,412,7,64,PF,2020-12-01,299.2528000000005,233.56000000000049,2022-12-30
423,423,7,64,PF,2017-11-26,7737.602700000001,7639.310000000001,2022-11-13
441,441,7,64,PF,2019-06-05,23947.12320000001,24571.72000000001,2022-12-30
454,454,7,64,PF,2022-09-12,1612.0416,1266.84,2022-12-29
461,461,7,64,PF,2021-03-12,472.88340000000017,285.2600000000002,2022-12-29
482,482,7,64,PF,2019-08-23,67872.97000000002,67382.17000000001,2022-12-26
538,538,7,64,PF,2022-11-25,2676.2988,2429.12,2022-12-30
542,542,7,64,PF,2022-06-02,275.72999999999973,249.03999999999976,2022-12-30
546,546,7,64,PF,2019-12-14,134.73899999999657,83.89999999999687,2022-12-30
551,551,7,64,PF,2018-03-13,30963.524400000013,28648.37000000001,2022-12-26
558,558,7,64,PF,2021-08-23,359.55999999999983,148.95999999999984,2022-12-29
565,565,7,64,PF,2016-06-28,4723.793400000009,4450.350000000009,2022-12-29
570,570,7,64,PF,2021-12-14,1634.6440000000002,1530.2000000000005,2022-12-29
595,595,7,64,PF,2016-10-11,244085.1255,251588.81,2019-07-28
657,657,7,64,PF,2020-03-06,76149.84000000001,75325.04,2022-12-29
673,673,7,64,PF,2016-09-09,92837.58699999998,86746.65999999997,2022-08-19
686,686,7,64,PF,2021-05-26,9942.368399999998,9726.469999999998,2022-12-29
702,702,7,64,PF,2017-05-25,26386.725699999988,26892.409999999985,2022-12-29
709,709,7,64,PF,2018-09-07,111450.85120000002,107095.24000000002,2022-12-28
722,722,7,64,PF,2018-05-16,13669.026999999996,13064.999999999996,2022-12-29
738,738,7,64,PF,2018-12-19,17755.95830000001,16268.020000000006,2022-12-30
746,746,7,64,PF,2021-08-27,6437.875199999994,6676.279999999995,2022-12-29
754,754,7,64,PF,2022-12-15,1251.1583999999991,810.2799999999991,2022-12-29
757,757,7,64,PF,2016-12-10,7591.24,7573.15,2022-12-30
792,792,7,64,PF,2018-12-08,40346.72699999998,38036.239999999976,2022-12-29
818,818,7,64,PF,2021-05-08,40853.20139999999,41083.45999999999,2022-12-29
851,851,7,64,PF,2022-05-02,182.17919999999967,152.00999999999974,2022-12-29
857,857,7,64,PF,2017-05-14,1985.6648999999993,1836.7099999999991,2022-12-29
865,865,7,64,PF,2019-05-06,11394.444499999992,11738.349999999991,2022-12-29
873,873,7,64,PF,2021-05-25,179.77120000000374,171.20000000000385,2022-12-30
874,874,7,64,PF,2021-11-20,187.6128000000005,67.71000000000055,2022-12-29
917,917,7,64,PF,2016-05-18,2074.121299999996,1890.9999999999964,2022-12-30
928,928,7,64,PF,2022-12-16,1453.0847999999992,1108.9299999999992,2023-01-08
936,936,7,64,PF,2017-03-27,95650.12859999997,98589.37999999996,2021-07-24
951,951,7,64,PF,2018-11-19,5283.156599999999,1806.9099999999985,2021-05-05
957,957,7,64,PF,2020-08-10,14387.0916,13140.679999999998,2022-12-30
973,973,7,64,PF,2020-12-25,3776.5786000000016,3691.8800000000015,2022-12-30
992,992,7,64,PF,2020-02-13,2219.0099999999998,2138.159999999999,2022-12-26
994,994,7,64,PF,2015-12-02,19719.414,19764.44,2022-12-29
7,7,7,84,PF,2018-09-12,98.6544000000009,23.430000000000856,2022-12-30
98,98,7,84,PF,2018-02-19,110694.89189999996,103238.16999999995,2019-12-04
100,100,7,84,PF,2017-03-10,26815.902,25875.000000000004,2022-12-30
117,117,7,84,PF,2022-06-22,61939.956899999976,61304.339999999975,2022-12-29
122,122,7,84,PF,2016-10-02,24.674199999999967,11.879999999999972,2019-02-18
128,128,7,84,PF,2018-05-22,8.598600000002754,264.7300000000027,2022-12-29
133,133,7,84,PF,2022-12-22,264.91360000000066,163.9500000000006,2023-01-15
137,137,7,84,PF,2017-01-06,67907.37060000004,62273.860000000015,2022-12-13
150,150,7,84,PF,2021-11-04,30578.58299999999,29116.16999999999,2022-12-29
151,151,7,84,PF,2018-03-09,29082.29779999999,27325.62999999999,2022-07-16
159,159,7,84,PF,2022-06-24,435.89519999999953,410.8099999999996,2022-12-30
174,174,7,84,PF,2017-04-21,23287.878,21444.25,2022-09-14
181,181,7,84,PF,2021-06-08,32738.63240000001,30918.080000000005,2022-12-29
204,204,7,84,PF,2021-02-23,7630.231,7643.5,2022-12-27
247,247,7,84,PF,2019-07-25,92174.67920000003,85291.46000000002,2022-12-29
256,256,7,84,PF,2020-04-28,3.880000000000162,494.70000000000016,2022-11-02
262,262,7,84,PF,2019-10-19,78324.90000000001,78285.28000000001,2022-12-30
272,272,7,84,PF,2021-08-25,185905.51350000003,177022.98,2022-12-29
281,281,7,84,PF,2016-06-27,1034.3500000000004,669.5500000000004,2022-12-30
296,296,7,84,PF,2016-07-03,14857.754400000009,12292.180000000006,2022-07-30
311,311,7,84,PF,2021-10-13,2741.6503000000007,1066.0900000000008,2022-12-29
318,318,7,84,PF,2017-03-06,49763.06999999999,49705.31999999999,2022-12-29
330,330,7,84,PF,2022-06-11,25535.142000000014,23786.800000000017,2022-12-29
334,334,7,84,PF,2016-10-08,20727.579999999994,20722.599999999995,2022-12-30
349,349,7,84,PF,2019-01-07,28053.58899999999,26634.399999999987,2022-12-29
406,406,7,84,PF,2017-08-25,4672.454400000001,4835.910000000004,2022-12-29
439,439,7,84,PF,2019-05-18,1.2210000000003394,4032.210000000001,2022-12-29
478,478,7,84,PF,2022-06-03,36880.0032,38096.67,2022-12-30
489,489,7,84,PF,2019-08-04,230.9075999999998,139.4699999999998,2022-12-29
493,493,7,84,PF,2017-12-19,17359.5204,15370.330000000002,2022-12-30
494,494,7,84,PF,2019-09-05,353.71199999999976,308.3699999999998,2022-12-29
508,508,7,84,PF,2019-05-18,14898.659999999994,14102.079999999993,2022-12-30
519,519,7,84,PF,2021-09-14,797.4624000000001,187.19000000000028,2022-12-29
536,536,7,84,PF,2020-12-09,457.3550000000001,1236.6,2022-12-30
561,561,7,84,PF,2019-01-20,9182.990700000008,8913.970000000007,2022-06-24
572,572,7,84,PF,2021-09-21,26.10800000000024,5.730000000000221,2022-12-29
589,589,7,84,PF,2018-09-13,74008.7239,71872.79999999999,2020-06-04
593,593,7,84,PF,2019-01-12,56788.44629999999,57631.09,2022-12-29
607,607,7,84,PF,2015-12-04,1963.9691999999995,1855.39,2018-09-08
618,618,7,84,PF,2018-12-14,11413.906399999996,10896.789999999995,2020-05-13
627,627,7,84,PF,2020-12-14,143.33550000000008,11.61000000000007,2022-12-29
645,645,7,84,PF,2022-05-24,296.4416999999995,270.0899999999995,2022-12-30
658,658,7,84,PF,2017-02-07,10623.523400000002,10255.330000000002,2019-09-20
660,660,7,84,PF,2022-10-28,64380.38879999997,61857.219999999965,2022-12-30
663,663,7,84,PF,2020-07-21,318.79119999999983,209.44999999999985,2022-12-29
682,682,7,84,PF,2020-10-14,20.308200000000344,225.71000000000032,2022-12-30
695,695,7,84,PF,2021-04-18,18491.938500000007,17175.37000000001,2022-12-30
708,708,7,84,PF,2020-07-19,959.208000000008,770.500000000008,2022-11-04
729,729,7,84,PF,2020-08-21,267.79119999999995,223.20999999999992,2022-12-29
734,734,7,84,PF,2020-08-17,1021.1031999999918,953.189999999992,2022-12-30
745,745,7,84,PF,2017-04-23,24507.8028,22446.31,2022-12-30
803,803,7,84,PF,2021-11-17,71217.55220000002,67168.87000000001,2022-12-29
822,822,7,84,PF,2022-12-16,238.97000000000008,212.94000000000003,2023-01-04
827,827,7,84,PF,2022-10-24,107556.2928,99308.13,2022-12-30
860,860,7,84,PF,2021-04-15,41005.77479999997,37774.10999999997,2022-12-29
882,882,7,84,PF,2020-09-20,12488.900000000012,12478.81000000001,2022-12-29
884,884,7,84,PF,2017-08-06,13113.031999999988,12932.069999999989,2022-12-29
893,893,7,84,PF,2022-07-19,310.48,298.54,2022-12-29
929,929,7,84,PF,2019-02-27,34456.312800000014,32992.26000000002,2022-11-13
942,942,7,84,PF,2015-10-24,48.257500000001485,292.6500000000015,2021-07-27
944,944,7,84,PF,2020-05-09,18246.871800000008,16570.43000000001,2022-12-30
948,948,7,84,PF,2016-09-25,22981.421399999992,23251.52999999999,2022-12-30
959,959,7,84,PF,2022-06-07,9579.724000000002,10044.110000000002,2022-12-29
964,964,7,84,PF,2021-06-24,938.7000000000008,17.600000000000705,2022-12-29
969,969,7,84,PF,2020-10-18,19705.8364,19084.52,2022-12-30
986,986,7,84,PF,2016-01-23,3674.6115000000023,3468.330000000002,2019-01-19
999,999,7,84,PF,2017-08-25,18697.456800000007,18628.42000000001,2022-12-29
12,12,7,85,PF,2016-01-13,437.2888000000016,405.4100000000015,2022-12-29
13,13,7,85,PF,2022-12-16,229.7789999999996,212.4999999999996,2023-01-08
20,20,7,85,PF,2021-05-20,50155.81220000001,49629.64000000001,2022-12-29
58,58,7,85,PF,2017-11-02,55549.86299999999,57199.63,2022-12-30
63,63,7,85,PF,2019-04-10,2354.249400000002,2160.9900000000016,2022-12-30
91,91,7,85,PF,2020-02-17,51889.378800000006,50612.740000000005,2022-12-29
123,123,7,85,PF,2021-10-16,308.1314,186.78999999999996,2022-12-29
182,182,7,85,PF,2020-11-04,6257.189999999998,6395.689999999998,2022-12-29
273,273,7,85,PF,2020-04-27,65.48850000000017,29.70000000000016,2022-12-30
308,308,7,85,PF,2018-06-26,28868.039600000007,26440.840000000007,2022-12-30
314,314,7,85,PF,2017-02-11,19172.34800000001,17788.250000000007,2022-12-23
324,324,7,85,PF,2022-01-11,123.13560000000156,103.13000000000146,2022-12-30
335,335,7,85,PF,2022-01-02,751.0650000000002,709.0100000000001,2022-12-29
337,337,7,85,PF,2017-08-03,36506.966399999976,37852.089999999975,2022-12-29
338,338,7,85,PF,2016-03-07,185276.1219,179836.58999999994,2022-12-30
345,345,7,85,PF,2017-12-08,11346.320999999994,10598.119999999995,2022-12-30
348,348,7,85,PF,2018-03-03,51345.40359999999,48405.149999999994,2021-10-06
367,367,7,85,PF,2015-08-21,15067.750499999996,15142.779999999995,2021-11-06
369,369,7,85,PF,2022-10-09,2372.7955999999986,2392.1399999999985,2022-12-30
378,378,7,85,PF,2018-03-18,1483.7993,1454.9899999999998,2020-12-28
384,384,7,85,PF,2022-03-10,26811.230400000004,25982.42000000001,2022-12-29
391,391,7,85,PF,2020-06-21,221113.68240000005,215962.42000000004,2022-10-16
392,392,7,85,PF,2015-12-26,4970.3188,4563.98,2019-09-23
396,396,7,85,PF,2021-09-24,7540.1086,7091.650000000001,2022-12-30
397,397,7,85,PF,2018-10-13,40026.369599999976,36169.339999999975,2022-12-29
409,409,7,85,PF,2015-11-08,17764.6188,18283.47,2021-04-07
458,458,7,85,PF,2017-07-02,55600.617600000034,57884.81000000004,2022-12-29
463,463,7,85,PF,2017-04-02,13633.897199999989,13891.759999999987,2020-11-08
465,465,7,85,PF,2017-10-07,6002.172,6030.19,2021-08-25
469,469,7,85,PF,2018-09-27,43152.17300000001,45107.740000000005,2022-12-29
471,471,7,85,PF,2022-10-20,592.7341000000001,529.5300000000002,2022-12-29
483,483,7,85,PF,2022-10-23,59749.5076,56176.70999999999,2022-12-30
502,502,7,85,PF,2021-12-19,58387.6359,58427.81,2022-12-30
503,503,7,85,PF,2020-11-25,5085.3528,5111.28,2022-12-29
511,511,7,85,PF,2018-11-07,36503.11349999998,38393.27999999998,2022-12-18
522,522,7,85,PF,2016-11-05,1004.8938000000004,377.69000000000045,2021-01-25
524,524,7,85,PF,2019-11-02,75259.85160000004,70788.36000000003,2022-12-29
609,609,7,85,PF,2017-05-14,57623.745200000005,58782.09000000001,2021-09-04
619,619,7,85,PF,2020-04-02,11.71800000000019,789.1600000000002,2022-05-21
675,675,7,85,PF,2019-04-24,43784.879400000005,40696.79000000001,2022-12-30
694,694,7,85,PF,2022-04-07,137.4449999999996,98.6699999999996,2022-12-29
696,696,7,85,PF,2021-12-24,331.3232999999999,133.8899999999999,2022-12-29
719,719,7,85,PF,2016-08-16,13048.585500000005,13317.150000000003,2019-12-20
724,724,7,85,PF,2019-08-07,1378.0013999999992,1349.5399999999993,2022-09-14
731,731,7,85,PF,2017-07-21,857.7536999999984,512.9299999999985,2022-12-26
772,772,7,85,PF,2017-06-08,53692.83720000001,50042.79,2021-11-12
777,777,7,85,PF,2022-01-07,1200.7610999999988,577.5899999999988,2022-12-29
791,791,7,85,PF,2015-10-21,5609.509200000006,4787.190000000005,2022-12-27
795,795,7,85,PF,2022-02-25,100.63640000000024,51.65000000000024,2022-12-29
806,806,7,85,PF,2018-05-02,584.9799999999999,576.9599999999999,2022-12-29
811,811,7,85,PF,2018-08-06,7630.793999999989,7722.449999999989,2022-08-24
812,812,7,85,PF,2018-10-24,15943.420799999996,16354.829999999996,2022-06-29
823,823,7,85,PF,2022-01-18,383.59260000000006,357.2700000000001,2022-12-29
847,847,7,85,PF,2017-10-23,84.56579999999992,35.29999999999993,2022-08-18
908,908,7,85,PF,2021-04-02,121.06639999999992,146.4899999999999,2022-12-29
933,933,7,85,PF,2015-08-12,18663.66379999999,17579.48999999999,2017-10-10
965,965,7,85,PF,2016-08-28,321.1340000000006,411.6400000000005,2022-12-30
976,976,7,85,PF,2015-09-16,68294.77199999997,64946.45999999996,2019-08-14
32,32,7,86,PF,2017-12-14,17618.68160000001,16884.65000000001,2020-10-04
88,88,7,86,PF,2020-10-07,13428.2208,13974.82,2022-12-29
99,99,7,86,PF,2017-10-14,6519.999999999996,6492.199999999995,2022-12-30
101,101,7,86,PF,2018-11-05,111513.0388,105076.54,2022-12-29
121,121,7,86,PF,2021-02-08,560.0920000000003,167.8500000000003,2022-12-29
156,156,7,86,PF,2018-09-03,77724.42,77618.77,2021-08-29
184,184,7,86,PF,2018-11-12,30326.432,31954.14,2022-12-30
194,194,7,86,PF,2016-12-18,6724.231799999996,6042.249999999996,2021-12-11
214,214,7,86,PF,2017-04-04,62.29860000000011,51.5600000000001,2022-12-29
219,219,7,86,PF,2022-02-17,45527.321,46013.39,2022-12-30
236,236,7,86,PF,2020-02-25,21089.260799999996,21928.039999999997,2022-12-29
268,268,7,86,PF,2016-07-06,745.3471999999992,548.6799999999993,2022-04-21
282,282,7,86,PF,2017-10-03,156.65500000000011,78.30000000000011,2022-12-30
287,287,7,86,PF,2020-07-20,37008.84479999999,38511.37999999999,2022-12-29
305,305,7,86,PF,2021-07-13,275.73900000000344,187.48000000000323,2022-12-30
336,336,7,86,PF,2020-10-18,5.061099999999716,33.559999999999725,2022-12-30
344,344,7,86,PF,2022-05-25,142.33570000000012,26.170000000000115,2022-12-29
400,400,7,86,PF,2018-04-21,27.315199999999887,9013.16,2022-12-29
401,401,7,86,PF,2020-12-18,51461.899999999994,51296.899999999994,2022-08-07
403,403,7,86,PF,2020-03-17,53898.489400000006,50265.66,2022-12-29
404,404,7,86,PF,2022-06-05,32344.56470000001,31038.090000000007,2022-12-30
426,426,7,86,PF,2022-06-27,152392.83460000012,139689.9400000001,2022-12-30
436,436,7,86,PF,2019-12-10,8634.920499999997,9025.439999999999,2022-12-29
445,445,7,86,PF,2019-10-18,9499.4237,7373.57,2022-12-29
470,470,7,86,PF,2016-10-03,14772.137799999991,12201.819999999992,2022-12-29
474,474,7,86,PF,2020-01-12,116.68480000000017,13.080000000000156,2022-12-29
563,563,7,86,PF,2021-07-10,46720.60020000001,46232.240000000005,2022-12-30
569,569,7,86,PF,2016-11-25,38.11599999999987,10.869999999999877,2022-12-29
583,583,7,86,PF,2020-06-25,380.63339999999863,128.1699999999987,2022-12-29
594,594,7,86,PF,2019-11-26,1648.6179999999997,1131.0999999999997,2022-11-27
605,605,7,86,PF,2022-05-02,50226.31019999999,49704.079999999994,2022-12-30
629,629,7,86,PF,2018-06-15,4654.489299999994,4310.239999999993,2022-12-29
654,654,7,86,PF,2019-05-24,48933.5008,46182.70999999999,2022-12-29
665,665,7,86,PF,2019-12-11,15668.516699999982,16088.409999999982,2022-12-29
669,669,7,86,PF,2016-04-15,67205.88239999999,55598.11999999998,2020-04-14
683,683,7,86,PF,2022-03-06,4130.391,4337.7699999999995,2022-12-30
707,707,7,86,PF,2016-10-22,60833.22839999999,59617.24999999999,2019-01-13
748,748,7,86,PF,2019-06-19,49285.00799999998,50788.54999999998,2022-12-30
784,784,7,86,PF,2020-07-27,373.39179999999993,331.30999999999995,2022-12-29
788,788,7,86,PF,2021-06-11,38.44049999999949,243.4099999999995,2022-12-30
809,809,7,86,PF,2021-05-18,901.6800000000003,568.8000000000004,2022-12-29
816,816,7,86,PF,2017-04-18,157.97099999999975,57.039999999999765,2022-12-23
835,835,7,86,PF,2019-12-09,39400.281,38090.6,2022-12-29
843,843,7,86,PF,2019-08-09,11976.374200000002,11226.090000000002,2021-07-02
854,854,7,86,PF,2017-04-13,656.2534999999988,652.9399999999988,2022-12-29
859,859,7,86,PF,2020-11-03,4935.646699999999,1943.3899999999996,2022-12-30
867,867,7,86,PF,2016-10-14,112726.72000000002,112686.21000000002,2019-03-15
885,885,7,86,PF,2018-03-01,16065.413499999991,15859.55999999999,2020-09-02
894,894,7,86,PF,2019-06-04,39102.76400000001,36479.200000000004,2022-10-23
901,901,7,86,PF,2020-01-18,18.920999999999605,310.44999999999965,2022-12-29
907,907,7,86,PF,2022-08-01,4204.5822,4444.39,2022-12-30
921,921,7,86,PF,2021-09-03,334.41099999999926,297.91999999999933,2022-12-29
922,922,7,86,PF,2022-08-17,38032.113,36903.26,2022-12-30
931,931,7,86,PF,2020-09-14,16674.268300000003,16089.490000000002,2022-12-30
949,949,7,86,PF,2016-07-07,762.4986000000001,635.6200000000001,2021-12-26
961,961,7,86,PF,2020-05-13,91464.29,91423.61,2022-12-29
962,962,7,86,PF,2022-07-19,15163.9884,15247.75,2022-12-29
978,978,7,86,PF,2022-03-07,15455.424599999991,15291.839999999993,2022-12-30
985,985,7,86,PF,2018-01-18,24814.108,22495.77,2021-06-26
30,30,8,33,PF,2018-01-26,129.65550000000292,957.1500000000026,2022-12-30
475,475,8,33,PF,2020-05-04,82402.71200000001,82534.20000000001,2022-12-29
858,858,8,33,PF,2018-11-28,628.7777999999875,297.1099999999872,2022-04-14
38,38,8,35,PF,2021-08-23,31493.59359999999,31765.419999999987,2022-12-30
125,125,8,35,PF,2019-04-08,10863.58,12932.35,2022-12-29
428,428,8,35,PF,2019-11-27,61602.48940000002,56521.820000000014,2022-12-29
526,526,8,35,PF,2018-09-16,37666.71999999998,37588.74999999998,2022-12-29
869,869,8,35,PF,2021-04-09,1807.3464999999983,1835.4199999999985,2022-12-29
872,872,8,35,PF,2021-01-16,74.70360000000004,55.00000000000002,2022-12-30
120,120,8,40,PF,2021-11-18,448.5199999999999,400.94999999999993,2022-12-29
453,453,8,40,PF,2022-01-14,20.25540000000043,218.06000000000049,2022-12-29
918,918,8,40,PF,2020-05-16,666.0990000000004,502.4600000000004,2022-12-29
209,209,8,51,PF,2021-02-07,21.629999999999875,8.359999999999875,2022-12-29
407,407,8,51,PF,2019-05-18,6002.910000000003,5776.050000000002,2021-11-15
556,556,8,51,PF,2020-06-08,165.01799999999125,1003.8599999999916,2022-12-29
560,560,8,51,PF,2020-07-14,40.79870000000036,17.210000000000328,2022-12-11
950,950,8,51,PF,2020-10-23,184.48649999999915,67.74999999999915,2022-07-05
44,44,8,68,PF,2020-09-07,26049.303000000007,24401.26000000001,2022-11-05
639,639,8,68,PF,2020-04-16,119106.68799999998,122899.56999999998,2022-11-18
736,736,8,68,PF,2021-11-06,6682.741999999995,6102.1199999999935,2022-12-29
825,825,8,68,PF,2022-04-28,8502.879,7492.980000000001,2022-12-30
69,69,8,80,PF,2019-10-26,152.49599999999975,103.47999999999976,2022-12-29
288,288,8,80,PF,2018-10-08,527.6039999999997,437.6999999999997,2022-12-30
359,359,8,80,PF,2019-01-15,60095.906199999954,57983.03999999996,2022-05-10
644,644,8,80,PF,2022-11-06,651.2300000000004,610.8900000000003,2022-12-30
693,693,8,80,PF,2020-01-21,162.08850000000007,75.28000000000006,2022-12-29
743,743,8,80,PF,2019-05-06,14112.220199999994,12225.509999999997,2022-12-29
50,50,8,94,PF,2021-11-17,292.61900000000014,92.12000000000015,2022-12-30
672,672,8,94,PF,2019-07-14,15905.062000000002,14492.840000000002,2022-12-29
853,853,8,94,PF,2020-11-21,232.55100000000024,223.73000000000027,2022-12-30
253,253,9,1,PF,2022-05-27,324.3887999999998,232.7799999999998,2022-12-30
313,313,9,1,PF,2022-08-22,4056.6615000000015,4254.340000000002,2022-12-29
591,591,9,1,PF,2022-05-19,20638.02760000001,19948.770000000008,2022-12-30
793,793,9,1,PF,2020-05-03,19031.0414,19194.430000000004,2022-12-30
815,815,9,1,PF,2021-06-21,174.39840000000137,124.26000000000138,2022-12-29
111,111,9,11,PF,2021-11-02,8803.3514,8911.519999999999,2022-12-30
652,652,9,11,PF,2020-10-23,88153.38399999996,80069.17999999996,2022-08-29
726,726,9,11,PF,2019-11-06,6821.059199999999,7091.999999999998,2022-12-30
25,25,9,25,PF,2022-09-04,9489.888800000013,9647.990000000014,2022-12-29
132,132,9,25,PF,2022-08-18,57046.99559999995,57686.21999999995,2022-12-30
585,585,9,25,PF,2022-10-20,44649.386600000005,40913.97000000001,2022-12-30
96,96,9,38,PF,2022-08-15,317.94879999999995,257.7499999999999,2022-12-29
443,443,9,38,PF,2022-01-03,470.7339999999994,383.6099999999995,2022-12-29
713,713,9,38,PF,2019-10-10,6769.575400000001,6828.530000000001,2022-12-29
66,66,9,39,PF,2021-05-19,134.87439999999538,78.43999999999563,2022-06-24
321,321,9,39,PF,2020-04-24,706.2223000000002,444.63000000000017,2022-12-29
916,916,9,39,PF,2020-01-17,20401.1015,18537.45,2022-12-30
947,947,9,39,PF,2022-09-02,36730.3761,37095.21,2022-12-30
10,10,9,75,PF,2020-11-03,30742.0416,28682.48,2022-12-30
34,34,9,75,PF,2022-08-02,31583.455200000008,29187.790000000005,2022-12-30
711,711,9,75,PF,2022-12-08,342.77039999999977,235.75999999999976,2023-01-05
278,278,9,90,PF,2020-04-17,47525.720000000016,47220.720000000016,2022-12-29
512,512,9,90,PF,2020-05-12,5687.065999999999,4791.859999999999,2022-02-06
648,648,9,90,PF,2021-07-28,5011.144200000004,4585.310000000004,2022-12-30
904,904,9,90,PF,2020-12-16,153177.78040000013,143607.0400000001,2022-12-29
41,41,9,91,PF,2020-02-28,53.16300000000147,91.53000000000131,2022-12-30
79,79,9,91,PF,2022-12-03,883.0500000000003,642.8000000000004,2022-12-30
136,136,9,91,PF,2021-03-24,34431.6049,32145.32,2022-12-29
257,257,9,91,PF,2021-05-20,2937.3320000000003,2641.36,2022-12-30
770,770,9,91,PF,2022-04-04,62511.09060000002,29401.580000000016,2022-12-29
466,466,10,8,PF,2022-10-26,7847.416500000007,9351.630000000006,2022-12-30
764,764,10,8,PF,2022-09-08,65495.187200000015,64823.140000000014,2022-12-29
488,488,10,18,PF,2022-07-16,8663.608100000003,6836.5700000000015,2022-12-30
395,395,10,95,PF,2022-12-01,23156.206500000008,21578.33000000001,2022-12-30
355,355,10,100,PF,2022-10-22,10680.152400000004,10336.340000000002,2022-12-29
